Delta,Time,CPU_FREQUENCY_0,CPU_FREQUENCY_1,CPU_FREQUENCY_10,CPU_FREQUENCY_11,CPU_FREQUENCY_2,CPU_FREQUENCY_3,CPU_FREQUENCY_4,CPU_FREQUENCY_5,CPU_FREQUENCY_6,CPU_FREQUENCY_7,CPU_FREQUENCY_8,CPU_FREQUENCY_9,CPU_TEMP_0,CPU_TEMP_1,CPU_TEMP_10,CPU_TEMP_11,CPU_TEMP_2,CPU_TEMP_3,CPU_TEMP_4,CPU_TEMP_5,CPU_TEMP_6,CPU_TEMP_7,CPU_TEMP_8,CPU_TEMP_9,CPU_USAGE_0,CPU_USAGE_1,CPU_USAGE_10,CPU_USAGE_11,CPU_USAGE_2,CPU_USAGE_3,CPU_USAGE_4,CPU_USAGE_5,CPU_USAGE_6,CPU_USAGE_7,CPU_USAGE_8,CPU_USAGE_9,SYSTEM_POWER (Watts),TOTAL_MEMORY,TOTAL_SWAP,USED_MEMORY,USED_SWAP
0,1771534851276,4,4,4,4,4,4,4,4,4,4,4,4,40,40,40,40,40,40,40,40,40,40,40,40,50,0,0,0,0,0,0,0,0,0,0,0,7.312741279602051,25769803776,7516192768,14846476288,5823070208
208,1771534851276,4,4,4,4,4,4,4,4,4,4,4,4,40,40,40,40,40,40,40,40,40,40,40,40,0,0,0,0,0,0,0,0,0,0,0,0,8.999876022338867,25769803776,7516192768,14847311872,5823070208
207,1771534851485,4,4,4,4,4,4,4,4,4,4,4,4,40,40,40,40,40,40,40,40,40,40,40,40,20,19.047618865966797,0,0,14.285715103149414,5,0,0,0,0,8.69565200805664,0,8.999876022338867,25769803776,7516192768,14847770624,5823070208
207,1771534851693,4,4,4,4,4,4,4,4,4,4,4,4,40,40,40,40,40,40,40,40,40,40,40,40,31.81818199157715,15.000000953674316,0,0,10,4.761904716491699,0,0,0,0,0,0,8.999876022338867,25769803776,7516192768,14847770624,5823070208
206,1771534851901,4,4,4,4,4,4,4,4,4,4,4,4,40,40,40,40,40,40,40,40,40,40,40,40,25,19.047618865966797,0,0,13.636363983154297,9.523809432983398,0,0,0,0,0,0,8.999876022338867,25769803776,7516192768,14847688704,5823070208
205,1771534852107,4,4,4,4,4,4,4,4,4,4,4,4,40,40,40,40,40,40,40,40,40,40,40,40,25,15.000000953674316,0,0,10,9.523809432983398,0,0,0,0,10,19.047618865966797,8.999876022338867,25769803776,7516192768,14848147456,5823070208
209,1771534852313,4,4,4,4,4,4,4,4,4,4,4,4,40,40,40,40,40,40,40,40,40,40,40,40,25,18.18181800842285,9.090909004211426,0,9.523809432983398,0,0,0,0,0,10,10,9.7822265625,25769803776,7516192768,14848147456,5823070208
208,1771534852523,4,4,4,4,4,4,4,4,4,4,4,4,40,40,40,40,40,40,40,40,40,40,40,40,27.272727966308594,10.526315689086914,0,0,9.523809432983398,9.523809432983398,0,0,0,0,4.545454502105713,0,9.7822265625,25769803776,7516192768,14848147456,5823070208
208,1771534852732,4,4,4,4,4,4,4,4,4,4,4,4,40,40,40,40,40,40,40,40,40,40,40,40,25,18.18181800842285,0,0,9.523809432983398,4.761904716491699,0,0,0,0,0,0,9.7822265625,25769803776,7516192768,14848147456,5823070208
208,1771534852940,4,4,4,4,4,4,4,4,4,4,4,4,40,40,40,40,40,40,40,40,40,40,40,40,20,15.000000953674316,0,0,14.285715103149414,9.090909004211426,0,0,0,0,0,0,9.7822265625,25769803776,7516192768,14832173056,5823070208
202,1771534853149,4,4,4,4,4,4,4,4,4,4,4,4,40,40,40,40,40,40,40,40,40,40,40,40,27.272727966308594,14.285715103149414,0,0,5.263157844543457,0,0,0,0,0,0,0,9.7822265625,25769803776,7516192768,14816624640,5823070208
202,1771534853352,4,4,4,4,4,4,4,4,4,4,4,4,40,40,40,40,40,40,40,40,40,40,40,40,30.000001907348633,25,0,0,19.047618865966797,10,0,0,0,0,0,0,8.729328155517578,25769803776,7516192768,14779416576,5823070208
200,1771534853554,4,4,4,4,4,4,4,4,4,4,4,4,40,40,40,40,40,40,40,40,40,40,40,40,30.000001907348633,15.000000953674316,0,4.761904716491699,15.000000953674316,5,0,0,0,0,0,5,8.729328155517578,25769803776,7516192768,14780022784,5823070208
204,1771534853756,4,4,4,4,4,4,4,4,4,4,4,4,40,40,40,40,40,40,40,40,40,40,40,40,21.052631378173828,20,0,0,5,5,0,0,0,0,4.761904716491699,0,8.729328155517578,25769803776,7516192768,14780071936,5823070208
208,1771534853960,4,4,4,4,4,4,4,4,4,4,4,4,40,40,40,40,40,40,40,40,40,40,40,40,28.571430206298828,10,0,0,10,9.523809432983398,0,0,0,0,0,0,8.729328155517578,25769803776,7516192768,14779858944,5823070208
207,1771534854169,4,4,4,4,4,4,4,4,4,4,4,4,40,40,40,40,40,40,40,40,40,40,40,40,15.789472579956055,15.000000953674316,0,0,14.285715103149414,0,0,0,0,0,0,0,8.729328155517578,25769803776,7516192768,14779875328,5823070208
209,1771534854378,4,4,4,4,4,4,4,4,4,4,4,4,40,40,40,40,40,40,40,40,40,40,40,40,27.272727966308594,19.047618865966797,0,0,9.523809432983398,9.523809432983398,0,0,0,0,0,0,7.112024307250977,25769803776,7516192768,14775681024,5823070208
207,1771534854588,4,4,4,4,4,4,4,4,4,4,4,4,40,40,40,40,40,40,40,40,40,40,40,40,28.571430206298828,19.047618865966797,0,0,10,9.523809432983398,0,0,0,0,0,0,7.112024307250977,25769803776,7516192768,14775812096,5823070208
208,1771534854796,4,4,4,4,4,4,4,4,4,4,4,4,40,40,40,40,40,40,40,40,40,40,40,40,20,20,0,0,9.523809432983398,4.761904716491699,0,0,0,0,0,0,7.112024307250977,25769803776,7516192768,14775779328,5823070208
202,1771534855005,4,4,4,4,4,4,4,4,4,4,4,4,40,40,40,40,40,40,40,40,40,40,40,40,23.809524536132813,22.72727394104004,0,0,14.285715103149414,0,0,0,0,0,0,0,7.112024307250977,25769803776,7516192768,14775664640,5823070208
208,1771534855207,4,4,4,4,4,4,4,4,4,4,4,4,40,40,40,40,40,40,40,40,40,40,40,40,31.57894515991211,20,0,0,15.000000953674316,10,0,0,0,0,0,0,7.112024307250977,25769803776,7516192768,14771568640,5823070208
207,1771534855416,4,4,4,4,4,4,4,4,4,4,4,4,40,40,40,40,40,40,40,40,40,40,40,40,27.272727966308594,10,0,0,14.285715103149414,9.090909004211426,0,0,0,0,4.761904716491699,0,9.549605369567871,25769803776,7516192768,14772125696,5823070208
208,1771534855624,4,4,4,4,4,4,4,4,4,4,4,4,40,40,40,40,40,40,40,40,40,40,40,40,30.000001907348633,19.047618865966797,0,0,10,5,0,0,0,0,0,0,9.549605369567871,25769803776,7516192768,14772305920,5823070208
204,1771534855833,4,4,4,4,4,4,4,4,4,4,4,4,40,40,40,40,40,40,40,40,40,40,40,40,23.809524536132813,14.285715103149414,0,0,9.523809432983398,9.090909004211426,0,0,0,0,0,0,9.549605369567871,25769803776,7516192768,14772338688,5823070208
207,1771534856038,4,4,4,4,4,4,4,4,4,4,4,4,40,40,40,40,40,40,40,40,40,40,40,40,25,25,0,0,10,5.263157844543457,0,0,0,0,0,0,9.549605369567871,25769803776,7516192768,14768586752,5823070208
208,1771534856246,4,4,4,4,4,4,4,4,4,4,4,4,40,40,40,40,40,40,40,40,40,40,40,40,28.571430206298828,19.047618865966797,0,0,14.285715103149414,9.090909004211426,0,0,0,0,0,0,9.549605369567871,25769803776,7516192768,14764310528,5823070208
206,1771534856456,4,4,4,4,4,4,4,4,4,4,4,4,40,40,40,40,40,40,40,40,40,40,40,40,20,15.000000953674316,0,0,14.285715103149414,0,0,0,0,0,0,0,7.2738037109375,25769803776,7516192768,14764261376,5823070208
207,1771534856663,4,4,4,4,4,4,4,4,4,4,4,4,40,40,40,40,40,40,40,40,40,40,40,40,28.571430206298828,14.285715103149414,0,0,9.523809432983398,4.761904716491699,0,0,0,0,0,0,7.2738037109375,25769803776,7516192768,14763802624,5823070208
202,1771534856871,4,4,4,4,4,4,4,4,4,4,4,4,40,40,40,40,40,40,40,40,40,40,40,40,27.272727966308594,23.809524536132813,0,0,5,4.761904716491699,0,0,0,0,0,0,7.2738037109375,25769803776,7516192768,14763786240,5823070208
204,1771534857074,4,4,4,4,4,4,4,4,4,4,4,4,40,40,40,40,40,40,40,40,40,40,40,40,21.052631378173828,10,0,0,14.285715103149414,0,0,0,0,0,0,0,7.2738037109375,25769803776,7516192768,14763769856,5823070208
207,1771534857280,4,4,4,4,4,4,4,4,4,4,4,4,40,40,40,40,40,40,40,40,40,40,40,40,25,15.000000953674316,0,0,9.523809432983398,9.523809432983398,0,0,0,0,0,0,8.582764625549316,25769803776,7516192768,14759575552,5823070208
207,1771534857488,4,4,4,4,4,4,4,4,4,4,4,4,40,40,40,40,40,40,40,40,40,40,40,40,15.000000953674316,15.000000953674316,0,0,5,9.523809432983398,0,0,0,0,0,0,8.582764625549316,25769803776,7516192768,14759591936,5823070208
209,1771534857696,4,4,4,4,4,4,4,4,4,4,4,4,40,40,40,40,40,40,40,40,40,40,40,40,27.272727966308594,18.18181800842285,0,0,10,5.263157844543457,0,0,0,0,0,0,8.582764625549316,25769803776,7516192768,14759378944,5823070208
205,1771534857906,4,4,4,4,4,4,4,4,4,4,4,4,40,40,40,40,40,40,40,40,40,40,40,40,25,23.809524536132813,0,0,14.285715103149414,9.523809432983398,0,0,0,0,0,0,8.582764625549316,25769803776,7516192768,14760722432,5823070208
207,1771534858113,4,4,4,4,4,4,4,4,4,4,4,4,40,40,40,40,40,40,40,40,40,40,40,40,19.047618865966797,20,0,0,9.523809432983398,4.761904716491699,0,0,0,0,0,0,8.582764625549316,25769803776,7516192768,14760361984,5823070208
208,1771534858321,4,4,4,4,4,4,4,4,4,4,4,4,40,40,40,40,40,40,40,40,40,40,40,40,25,20,0,0,9.523809432983398,4.761904716491699,0,0,0,0,0,0,8.114501953125,25769803776,7516192768,14747795456,5823070208
207,1771534858529,4,4,4,4,4,4,4,4,4,4,4,4,40,40,40,40,40,40,40,40,40,40,40,40,19.047618865966797,14.285715103149414,0,0,10,5,0,0,0,0,0,0,8.114501953125,25769803776,7516192768,14747844608,5823070208
206,1771534858738,4,4,4,4,4,4,4,4,4,4,4,4,40,40,40,40,40,40,40,40,40,40,40,40,25,15.000000953674316,0,0,18.18181800842285,9.090909004211426,0,0,0,0,0,0,8.114501953125,25769803776,7516192768,14747828224,5823070208
207,1771534858944,4,4,4,4,4,4,4,4,4,4,4,4,40,40,40,40,40,40,40,40,40,40,40,40,28.571430206298828,19.047618865966797,0,0,5.263157844543457,0,0,0,0,0,0,0,8.114501953125,25769803776,7516192768,14747860992,5823070208
204,1771534859153,4,4,4,4,4,4,4,4,4,4,4,4,40,40,40,40,40,40,40,40,40,40,40,40,20,15.000000953674316,0,0,13.636363983154297,4.761904716491699,0,0,0,0,0,0,8.114501953125,25769803776,7516192768,14748057600,5823070208
204,1771534859358,4,4,4,4,4,4,4,4,4,4,4,4,40,40,40,40,40,40,40,40,40,40,40,40,28.571430206298828,14.285715103149414,0,0,10,9.523809432983398,0,0,0,0,0,0,7.8154168128967285,25769803776,7516192768,14748024832,5823070208
208,1771534859563,4,4,4,4,4,4,4,4,4,4,4,4,40,40,40,40,40,40,40,40,40,40,40,40,25,20,0,0,10,0,0,0,0,0,0,0,7.8154168128967285,25769803776,7516192768,14748385280,5823070208
207,1771534859772,4,4,4,4,4,4,4,4,4,4,4,4,40,40,40,40,40,40,40,40,40,40,40,40,19.047618865966797,14.285715103149414,0,0,9.523809432983398,9.090909004211426,0,0,0,0,0,0,7.8154168128967285,25769803776,7516192768,14748385280,5823070208
208,1771534859980,4,4,4,4,4,4,4,4,4,4,4,4,40,40,40,40,40,40,40,40,40,40,40,40,20,19.047618865966797,0,0,10,4.761904716491699,0,0,0,0,0,0,7.8154168128967285,25769803776,7516192768,14748385280,5823070208
209,1771534860189,4,4,4,4,4,4,4,4,4,4,4,4,40,40,40,40,40,40,40,40,40,40,40,40,23.809524536132813,23.809524536132813,0,0,19.047618865966797,9.523809432983398,0,0,0,0,0,0,7.8154168128967285,25769803776,7516192768,14748581888,5823070208
209,1771534860399,4,4,4,4,4,4,4,4,4,4,4,4,40,40,40,40,40,40,40,40,40,40,40,40,25,20,14.285715103149414,14.285715103149414,10,5,9.523809432983398,13.636363983154297,10,9.523809432983398,15.000000953674316,14.285715103149414,7.5871477127075195,25769803776,7516192768,14749745152,5823070208
205,1771534860609,4,4,4,4,4,4,4,4,4,4,4,4,40,40,40,40,40,40,40,40,40,40,40,40,22.72727394104004,10,0,0,9.090909004211426,9.090909004211426,0,0,0,0,0,4.761904716491699,7.5871477127075195,25769803776,7516192768,14749843456,5823070208
208,1771534860815,4,4,4,4,4,4,4,4,4,4,4,4,40,40,40,40,40,40,40,40,40,40,40,40,20,18.18181800842285,0,0,14.285715103149414,5,0,0,0,0,0,0,7.5871477127075195,25769803776,7516192768,14749843456,5823070208
209,1771534861024,4,4,4,4,4,4,4,4,4,4,4,4,40,40,40,40,40,40,40,40,40,40,40,40,27.272727966308594,15.000000953674316,0,0,10,0,0,0,0,0,0,0,7.5871477127075195,25769803776,7516192768,14749499392,5823070208
208,1771534861233,4,4,4,4,4,4,4,4,4,4,4,4,40,40,40,40,40,40,40,40,40,40,40,40,50,42.85714340209961,31.81818199157715,33.333335876464844,40,40.90909194946289,22.72727394104004,20,23.809524536132813,25,27.272727966308594,23.809524536132813,7.5871477127075195,25769803776,7516192768,15127330816,5823070208
202,1771534861443,4,4,4,4,4,4,4,4,4,4,4,4,40,40,40,40,40,40,40,40,40,40,40,40,35,35,0,0,31.81818199157715,15.000000953674316,0,0,0,0,19.047618865966797,10,8.323872566223145,25769803776,7516192768,15135047680,5823070208
205,1771534861646,4,4,4,4,4,4,4,4,4,4,4,4,40,40,40,40,40,40,40,40,40,40,40,40,55,66.66667175292969,4.761904716491699,0,52.38095474243164,57.142860412597656,0,0,0,0,10,0,8.323872566223145,25769803776,7516192768,15121268736,5823070208
205,1771534861851,4,4,4,4,4,4,4,4,4,4,4,4,40,40,40,40,40,40,40,40,40,40,40,40,28.571430206298828,15.000000953674316,0,0,5.263157844543457,5,0,0,0,0,0,0,8.323872566223145,25769803776,7516192768,15121317888,5823070208
207,1771534862057,4,4,4,4,4,4,4,4,4,4,4,4,40,40,40,40,40,40,40,40,40,40,40,40,25,19.047618865966797,0,0,15.000000953674316,9.523809432983398,0,0,0,0,0,0,8.323872566223145,25769803776,7516192768,15121334272,5823070208
207,1771534862265,4,4,4,4,4,4,4,4,4,4,4,4,40,40,40,40,40,40,40,40,40,40,40,40,23.809524536132813,20,0,0,18.18181800842285,0,0,0,0,0,0,0,8.323872566223145,25769803776,7516192768,15117926400,5823070208
208,1771534862474,4,4,4,4,4,4,4,4,4,4,4,4,40,40,40,40,40,40,40,40,40,40,40,40,23.809524536132813,22.72727394104004,0,0,9.523809432983398,9.090909004211426,0,0,0,0,0,0,11.87675952911377,25769803776,7516192768,15116763136,5823070208
209,1771534862682,4,4,4,4,4,4,4,4,4,4,4,4,40,40,40,40,40,40,40,40,40,40,40,40,30.000001907348633,21.052631378173828,0,0,5.263157844543457,20,0,0,0,0,0,0,11.87675952911377,25769803776,7516192768,14906916864,5823070208
208,1771534862892,4,4,4,4,4,4,4,4,4,4,4,4,40,40,40,40,40,40,40,40,40,40,40,40,28.571430206298828,14.285715103149414,0,0,14.285715103149414,4.761904716491699,0,0,0,0,0,0,11.87675952911377,25769803776,7516192768,14905786368,5823070208
205,1771534863100,4,4,4,4,4,4,4,4,4,4,4,4,40,40,40,40,40,40,40,40,40,40,40,40,25,19.047618865966797,0,0,18.18181800842285,9.523809432983398,0,0,0,0,4.761904716491699,9.090909004211426,11.87675952911377,25769803776,7516192768,14904082432,5823070208
203,1771534863307,4,4,4,4,4,4,4,4,4,4,4,4,40,40,40,40,40,40,40,40,40,40,40,40,20,15.000000953674316,0,0,10,0,0,0,0,0,4.761904716491699,0,7.953622341156006,25769803776,7516192768,14850834432,5823070208
208,1771534863511,4,4,4,4,4,4,4,4,4,4,4,4,40,40,40,40,40,40,40,40,40,40,40,40,28.571430206298828,23.809524536132813,0,0,14.285715103149414,14.285715103149414,0,0,0,0,0,0,7.953622341156006,25769803776,7516192768,14850867200,5823070208
207,1771534863719,4,4,4,4,4,4,4,4,4,4,4,4,40,40,40,40,40,40,40,40,40,40,40,40,28.571430206298828,15.000000953674316,0,0,10,9.523809432983398,0,0,0,0,0,0,7.953622341156006,25769803776,7516192768,14850883584,5823070208
209,1771534863928,4,4,4,4,4,4,4,4,4,4,4,4,40,40,40,40,40,40,40,40,40,40,40,40,20,18.18181800842285,0,0,9.523809432983398,5,0,0,0,0,0,0,7.953622341156006,25769803776,7516192768,14850867200,5823070208
208,1771534864138,4,4,4,4,4,4,4,4,4,4,4,4,40,40,40,40,40,40,40,40,40,40,40,40,22.72727394104004,10.526315689086914,0,0,5,9.090909004211426,0,0,0,0,0,0,7.953622341156006,25769803776,7516192768,14851145728,5823070208
209,1771534864346,4,4,4,4,4,4,4,4,4,4,4,4,40,40,40,40,40,40,40,40,40,40,40,40,21.052631378173828,27.272727966308594,4.545454502105713,0,23.809524536132813,10,0,0,0,0,0,0,8.921082496643066,25769803776,7516192768,14859730944,5823070208
201,1771534864556,4,4,4,4,4,4,4,4,4,4,4,4,40,40,40,40,40,40,40,40,40,40,40,40,27.272727966308594,15.000000953674316,0,0,13.636363983154297,13.636363983154297,0,0,0,0,0,0,8.921082496643066,25769803776,7516192768,14853816320,5823070208
206,1771534864758,4,4,4,4,4,4,4,4,4,4,4,4,40,40,40,40,40,40,40,40,40,40,40,40,21.052631378173828,15.000000953674316,5,0,5.263157844543457,5,0,0,0,0,19.047618865966797,10.526315689086914,8.921082496643066,25769803776,7516192768,14861860864,5823070208
205,1771534864965,4,4,4,4,4,4,4,4,4,4,4,4,40,40,40,40,40,40,40,40,40,40,40,40,28.571430206298828,19.047618865966797,0,4.761904716491699,9.523809432983398,5,0,0,0,0,0,4.545454502105713,8.921082496643066,25769803776,7516192768,14862368768,5823070208
206,1771534865171,4,4,4,4,4,4,4,4,4,4,4,4,40,40,40,40,40,40,40,40,40,40,40,40,45,38.095237731933594,0,0,35,28.571430206298828,0,0,0,0,0,0,8.921082496643066,25769803776,7516192768,15033843712,5823070208
208,1771534865378,4,4,4,4,4,4,4,4,4,4,4,4,40,40,40,40,40,40,40,40,40,40,40,40,28.571430206298828,15.000000953674316,0,4.545454502105713,9.523809432983398,0,0,0,0,0,5,0,8.049840927124023,25769803776,7516192768,15033892864,5823070208
208,1771534865587,4,4,4,4,4,4,4,4,4,4,4,4,40,40,40,40,40,40,40,40,40,40,40,40,23.809524536132813,15.000000953674316,0,0,10,4.761904716491699,0,0,0,0,0,0,8.049840927124023,25769803776,7516192768,15033581568,5823070208
205,1771534865796,4,4,4,4,4,4,4,4,4,4,4,4,40,40,40,40,40,40,40,40,40,40,40,40,20,19.047618865966797,0,0,9.523809432983398,4.761904716491699,0,0,0,0,0,0,8.049840927124023,25769803776,7516192768,15033614336,5823070208
207,1771534866003,4,4,4,4,4,4,4,4,4,4,4,4,40,40,40,40,40,40,40,40,40,40,40,40,28.571430206298828,19.047618865966797,0,0,15.000000953674316,10,0,0,0,0,0,0,8.049840927124023,25769803776,7516192768,15033876480,5823070208
208,1771534866211,4,4,4,4,4,4,4,4,4,4,4,4,40,40,40,40,40,40,40,40,40,40,40,40,30.000001907348633,10,0,0,14.285715103149414,4.761904716491699,0,0,0,0,0,0,8.049840927124023,25769803776,7516192768,14904492032,5823070208
207,1771534866420,4,4,4,4,4,4,4,4,4,4,4,4,40,40,40,40,40,40,40,40,40,40,40,40,23.809524536132813,15.000000953674316,0,0,13.636363983154297,4.761904716491699,0,0,0,0,0,0,7.30369234085083,25769803776,7516192768,14859059200,5823070208
209,1771534866628,4,4,4,4,4,4,4,4,4,4,4,4,40,40,40,40,40,40,40,40,40,40,40,40,20,23.809524536132813,0,0,9.523809432983398,4.761904716491699,0,0,0,0,0,0,7.30369234085083,25769803776,7516192768,14859124736,5823070208
207,1771534866838,4,4,4,4,4,4,4,4,4,4,4,4,40,40,40,40,40,40,40,40,40,40,40,40,22.72727394104004,18.18181800842285,0,0,5.263157844543457,4.761904716491699,0,0,0,0,0,0,7.30369234085083,25769803776,7516192768,14859124736,5823070208
199,1771534867046,4,4,4,4,4,4,4,4,4,4,4,4,40,40,40,40,40,40,40,40,40,40,40,40,21.052631378173828,15.000000953674316,0,0,13.636363983154297,13.636363983154297,0,0,0,0,0,0,7.30369234085083,25769803776,7516192768,14859124736,5823070208
207,1771534867246,4,4,4,4,4,4,4,4,4,4,4,4,40,40,40,40,40,40,40,40,40,40,40,40,28.571430206298828,15.000000953674316,0,0,10,0,0,0,0,0,0,0,7.30369234085083,25769803776,7516192768,14829780992,5823070208
203,1771534867454,4,4,4,4,4,4,4,4,4,4,4,4,40,40,40,40,40,40,40,40,40,40,40,40,23.809524536132813,19.047618865966797,0,0,10,9.523809432983398,0,0,0,0,0,0,8.307534217834473,25769803776,7516192768,14829748224,5823070208
200,1771534867659,4,4,4,4,4,4,4,4,4,4,4,4,40,40,40,40,40,40,40,40,40,40,40,40,25,15.000000953674316,0,0,9.523809432983398,4.761904716491699,0,0,0,0,0,0,8.307534217834473,25769803776,7516192768,14829797376,5823070208
209,1771534867860,4,4,4,4,4,4,4,4,4,4,4,4,40,40,40,40,40,40,40,40,40,40,40,40,25,15.000000953674316,0,0,10,5,0,0,0,0,0,0,8.307534217834473,25769803776,7516192768,14829813760,5823070208
209,1771534868070,4,4,4,4,4,4,4,4,4,4,4,4,40,40,40,40,40,40,40,40,40,40,40,40,20,14.285715103149414,0,0,5,9.523809432983398,0,0,0,0,0,0,8.307534217834473,25769803776,7516192768,14829535232,5823070208
210,1771534868280,4,4,4,4,4,4,4,4,4,4,4,4,40,40,40,40,40,40,40,40,40,40,40,40,22.72727394104004,19.047618865966797,0,0,13.636363983154297,0,0,0,0,0,0,0,8.503868103027344,25769803776,7516192768,14808580096,5823070208
204,1771534868491,4,4,4,4,4,4,4,4,4,4,4,4,40,40,40,40,40,40,40,40,40,40,40,40,21.052631378173828,20,0,0,14.285715103149414,13.636363983154297,0,0,0,0,0,4.545454502105713,8.503868103027344,25769803776,7516192768,14808580096,5823070208
206,1771534868696,4,4,4,4,4,4,4,4,4,4,4,4,40,40,40,40,40,40,40,40,40,40,40,40,27.272727966308594,14.285715103149414,19.047618865966797,10,15.000000953674316,5,10,14.285715103149414,10,10,14.285715103149414,14.285715103149414,8.503868103027344,25769803776,7516192768,14761328640,5823070208
208,1771534868903,4,4,4,4,4,4,4,4,4,4,4,4,40,40,40,40,40,40,40,40,40,40,40,40,21.052631378173828,15.000000953674316,0,0,9.523809432983398,9.090909004211426,0,0,0,0,0,0,8.503868103027344,25769803776,7516192768,14761312256,5823070208
207,1771534869111,4,4,4,4,4,4,4,4,4,4,4,4,40,40,40,40,40,40,40,40,40,40,40,40,33.333335876464844,23.809524536132813,0,0,30.000001907348633,15.789472579956055,0,0,0,0,0,0,8.503868103027344,25769803776,7516192768,14761066496,5823070208
207,1771534869320,4,4,4,4,4,4,4,4,4,4,4,4,40,40,40,40,40,40,40,40,40,40,40,40,33.333335876464844,28.571430206298828,14.285715103149414,9.523809432983398,38.095237731933594,42.85714340209961,10,10,9.523809432983398,9.523809432983398,10,10,8.046087265014648,25769803776,7516192768,14737948672,5823070208
209,1771534869528,4,4,4,4,4,4,4,4,4,4,4,4,40,40,40,40,40,40,40,40,40,40,40,40,23.809524536132813,15.000000953674316,0,0,14.285715103149414,4.761904716491699,0,0,0,0,4.545454502105713,0,8.046087265014648,25769803776,7516192768,14738079744,5823070208
209,1771534869738,4,4,4,4,4,4,4,4,4,4,4,4,40,40,40,40,40,40,40,40,40,40,40,40,23.809524536132813,18.18181800842285,0,0,5,9.090909004211426,0,0,0,0,0,0,8.046087265014648,25769803776,7516192768,14737997824,5823070208
205,1771534869948,4,4,4,4,4,4,4,4,4,4,4,4,40,40,40,40,40,40,40,40,40,40,40,40,23.809524536132813,15.789472579956055,0,0,13.636363983154297,0,0,0,0,0,0,0,8.046087265014648,25769803776,7516192768,14737211392,5823070208
206,1771534870154,4,4,4,4,4,4,4,4,4,4,4,4,40,40,40,40,40,40,40,40,40,40,40,40,26.3157901763916,22.72727394104004,0,0,10,9.090909004211426,0,0,0,0,0,0,8.046087265014648,25769803776,7516192768,14735949824,5823070208
207,1771534870361,4,4,4,4,4,4,4,4,4,4,4,4,40,40,40,40,40,40,40,40,40,40,40,40,28.571430206298828,20,0,0,10,0,0,0,0,0,0,0,7.846353530883789,25769803776,7516192768,14723334144,5823070208
203,1771534870569,4,4,4,4,4,4,4,4,4,4,4,4,40,40,40,40,40,40,40,40,40,40,40,40,23.809524536132813,15.000000953674316,0,4.761904716491699,4.761904716491699,9.523809432983398,0,0,0,0,4.761904716491699,4.545454502105713,7.846353530883789,25769803776,7516192768,14723416064,5823070208
209,1771534870773,4,4,4,4,4,4,4,4,4,4,4,4,40,40,40,40,40,40,40,40,40,40,40,40,25,19.047618865966797,0,0,14.285715103149414,0,0,0,0,0,0,0,7.846353530883789,25769803776,7516192768,14723465216,5823070208
207,1771534870982,4,4,4,4,4,4,4,4,4,4,4,4,40,40,40,40,40,40,40,40,40,40,40,40,23.809524536132813,15.000000953674316,0,0,10,4.761904716491699,0,0,0,0,0,0,7.846353530883789,25769803776,7516192768,14723219456,5823070208
208,1771534871190,4,4,4,4,4,4,4,4,4,4,4,4,40,40,40,40,40,40,40,40,40,40,40,40,25,14.285715103149414,0,0,10,9.523809432983398,0,0,0,0,0,0,7.846353530883789,25769803776,7516192768,14723252224,5823070208
206,1771534871399,4,4,4,4,4,4,4,4,4,4,4,4,40,40,40,40,40,40,40,40,40,40,40,40,25,19.047618865966797,0,0,9.523809432983398,4.761904716491699,0,0,0,0,0,0,9.61138916015625,25769803776,7516192768,14714929152,5823070208
205,1771534871606,4,4,4,4,4,4,4,4,4,4,4,4,40,40,40,40,40,40,40,40,40,40,40,40,31.81818199157715,15.000000953674316,0,0,14.285715103149414,10,0,0,0,0,5,0,9.61138916015625,25769803776,7516192768,14716715008,5823070208
205,1771534871812,4,4,4,4,4,4,4,4,4,4,4,4,40,40,40,40,40,40,40,40,40,40,40,40,21.052631378173828,20,0,0,10,9.523809432983398,0,0,0,0,0,0,9.61138916015625,25769803776,7516192768,14716698624,5823070208
209,1771534872017,4,4,4,4,4,4,4,4,4,4,4,4,40,40,40,40,40,40,40,40,40,40,40,40,28.571430206298828,19.047618865966797,0,0,14.285715103149414,5,5,5,0,0,4.761904716491699,0,9.61138916015625,25769803776,7516192768,14716698624,5823070208
209,1771534872228,4,4,4,4,4,4,4,4,4,4,4,4,40,40,40,40,40,40,40,40,40,40,40,40,20,14.285715103149414,4.761904716491699,0,4.761904716491699,9.523809432983398,4.545454502105713,0,0,0,0,4.545454502105713,9.61138916015625,25769803776,7516192768,14716698624,5823070208
208,1771534872438,4,4,4,4,4,4,4,4,4,4,4,4,40,40,40,40,40,40,40,40,40,40,40,40,27.272727966308594,15.000000953674316,0,0,14.285715103149414,4.761904716491699,0,0,0,0,14.285715103149414,0,8.292559623718262,25769803776,7516192768,14716698624,5823070208
207,1771534872646,4,4,4,4,4,4,4,4,4,4,4,4,40,40,40,40,40,40,40,40,40,40,40,40,25,19.047618865966797,0,4.761904716491699,10,9.523809432983398,0,0,0,0,0,9.090909004211426,8.292559623718262,25769803776,7516192768,14700773376,5823070208
209,1771534872854,4,4,4,4,4,4,4,4,4,4,4,4,40,40,40,40,40,40,40,40,40,40,40,40,28.571430206298828,19.047618865966797,0,0,14.285715103149414,5,0,0,0,0,4.761904716491699,0,8.292559623718262,25769803776,7516192768,14700953600,5823070208
209,1771534873063,4,4,4,4,4,4,4,4,4,4,4,4,40,40,40,40,40,40,40,40,40,40,40,40,20,14.285715103149414,0,0,14.285715103149414,4.761904716491699,0,0,0,0,0,0,8.292559623718262,25769803776,7516192768,14700953600,5823070208
208,1771534873273,4,4,4,4,4,4,4,4,4,4,4,4,40,40,40,40,40,40,40,40,40,40,40,40,27.272727966308594,19.047618865966797,0,0,9.523809432983398,4.761904716491699,0,0,0,0,0,0,7.234163761138916,25769803776,7516192768,14692597760,5823070208
204,1771534873482,4,4,4,4,4,4,4,4,4,4,4,4,40,40,40,40,40,40,40,40,40,40,40,40,20,15.000000953674316,0,0,10,0,0,0,0,0,0,0,7.234163761138916,25769803776,7516192768,14692597760,5823070208
207,1771534873688,4,4,4,4,4,4,4,4,4,4,4,4,40,40,40,40,40,40,40,40,40,40,40,40,28.571430206298828,23.809524536132813,0,0,14.285715103149414,9.523809432983398,0,0,0,0,0,0,7.234163761138916,25769803776,7516192768,14692630528,5823070208
208,1771534873896,4,4,4,4,4,4,4,4,4,4,4,4,40,40,40,40,40,40,40,40,40,40,40,40,23.809524536132813,10,0,0,9.523809432983398,5,0,0,0,0,0,0,7.234163761138916,25769803776,7516192768,14692614144,5823070208
205,1771534874105,4,4,4,4,4,4,4,4,4,4,4,4,40,40,40,40,40,40,40,40,40,40,40,40,21.052631378173828,15.000000953674316,0,0,10,9.090909004211426,0,0,0,0,0,0,7.234163761138916,25769803776,7516192768,14692630528,5823070208
206,1771534874311,4,4,4,4,4,4,4,4,4,4,4,4,40,40,40,40,40,40,40,40,40,40,40,40,28.571430206298828,23.809524536132813,0,0,19.047618865966797,5,0,0,0,0,0,0,8.624836921691895,25769803776,7516192768,14688632832,5823070208
208,1771534874517,4,4,4,4,4,4,4,4,4,4,4,4,40,40,40,40,40,40,40,40,40,40,40,40,28.571430206298828,19.047618865966797,0,0,9.523809432983398,4.761904716491699,0,0,0,0,0,0,8.624836921691895,25769803776,7516192768,14688747520,5823070208
203,1771534874726,4,4,4,4,4,4,4,4,4,4,4,4,40,40,40,40,40,40,40,40,40,40,40,40,28.571430206298828,15.000000953674316,0,0,14.285715103149414,5,0,0,0,0,0,0,8.624836921691895,25769803776,7516192768,14688763904,5823070208
209,1771534874930,4,4,4,4,4,4,4,4,4,4,4,4,40,40,40,40,40,40,40,40,40,40,40,40,21.052631378173828,23.809524536132813,0,0,5.263157844543457,4.761904716491699,0,0,0,0,0,0,8.624836921691895,25769803776,7516192768,14688780288,5823070208
205,1771534875140,4,4,4,4,4,4,4,4,4,4,4,4,40,40,40,40,40,40,40,40,40,40,40,40,23.809524536132813,20,0,0,13.636363983154297,4.761904716491699,0,0,0,0,0,0,8.624836921691895,25769803776,7516192768,14688796672,5823070208
208,1771534875346,4,4,4,4,4,4,4,4,4,4,4,4,40,40,40,40,40,40,40,40,40,40,40,40,28.571430206298828,14.285715103149414,0,0,15.000000953674316,5,0,0,0,0,0,0,7.621597766876221,25769803776,7516192768,14659387392,5823070208
203,1771534875555,4,4,4,4,4,4,4,4,4,4,4,4,40,40,40,40,40,40,40,40,40,40,40,40,23.809524536132813,14.285715103149414,4.545454502105713,0,10,4.761904716491699,0,0,0,0,4.761904716491699,0,7.621597766876221,25769803776,7516192768,14659387392,5823070208
205,1771534875759,4,4,4,4,4,4,4,4,4,4,4,4,40,40,40,40,40,40,40,40,40,40,40,40,21.052631378173828,15.000000953674316,0,0,10,5,0,0,0,0,0,0,7.621597766876221,25769803776,7516192768,14659403776,5823070208
207,1771534875965,4,4,4,4,4,4,4,4,4,4,4,4,40,40,40,40,40,40,40,40,40,40,40,40,28.571430206298828,19.047618865966797,0,0,14.285715103149414,5,0,0,0,0,0,0,7.621597766876221,25769803776,7516192768,14659387392,5823070208
209,1771534876173,4,4,4,4,4,4,4,4,4,4,4,4,40,40,40,40,40,40,40,40,40,40,40,40,33.333335876464844,15.789472579956055,0,0,14.285715103149414,13.636363983154297,0,0,0,0,0,0,7.621597766876221,25769803776,7516192768,14659633152,5823070208
201,1771534876383,4,4,4,4,4,4,4,4,4,4,4,4,40,40,40,40,40,40,40,40,40,40,40,40,25,23.809524536132813,0,0,10,0,0,0,0,0,0,0,9.362074851989746,25769803776,7516192768,14659649536,5823070208
208,1771534876585,4,4,4,4,4,4,4,4,4,4,4,4,40,40,40,40,40,40,40,40,40,40,40,40,25,23.809524536132813,0,0,9.523809432983398,9.523809432983398,0,0,0,0,0,0,9.362074851989746,25769803776,7516192768,14659829760,5823070208
209,1771534876794,4,4,4,4,4,4,4,4,4,4,4,4,40,40,40,40,40,40,40,40,40,40,40,40,27.272727966308594,10,0,0,9.523809432983398,4.761904716491699,0,0,0,0,0,0,9.362074851989746,25769803776,7516192768,14659764224,5823070208
207,1771534877004,4,4,4,4,4,4,4,4,4,4,4,4,40,40,40,40,40,40,40,40,40,40,40,40,20,22.72727394104004,0,0,9.523809432983398,5,0,0,0,0,0,0,9.362074851989746,25769803776,7516192768,14659829760,5823070208
207,1771534877213,4,4,4,4,4,4,4,4,4,4,4,4,40,40,40,40,40,40,40,40,40,40,40,40,23.809524536132813,15.000000953674316,0,0,9.523809432983398,4.761904716491699,0,0,0,0,0,0,9.362074851989746,25769803776,7516192768,14659846144,5823070208
206,1771534877420,4,4,4,4,4,4,4,4,4,4,4,4,40,40,40,40,40,40,40,40,40,40,40,40,23.809524536132813,20,0,0,10,4.761904716491699,0,0,0,0,0,0,9.085784912109375,25769803776,7516192768,14659895296,5823070208
207,1771534877628,4,4,4,4,4,4,4,4,4,4,4,4,40,40,40,40,40,40,40,40,40,40,40,40,15.789472579956055,19.047618865966797,0,0,10,9.523809432983398,0,0,0,0,0,0,9.085784912109375,25769803776,7516192768,14659862528,5823070208
203,1771534877836,4,4,4,4,4,4,4,4,4,4,4,4,40,40,40,40,40,40,40,40,40,40,40,40,25,19.047618865966797,0,0,5,0,0,0,0,0,0,0,9.085784912109375,25769803776,7516192768,14660059136,5823070208
209,1771534878039,4,4,4,4,4,4,4,4,4,4,4,4,40,40,40,40,40,40,40,40,40,40,40,40,27.272727966308594,15.000000953674316,0,0,14.285715103149414,5,0,0,0,0,0,0,9.085784912109375,25769803776,7516192768,14659682304,5823070208
207,1771534878249,4,4,4,4,4,4,4,4,4,4,4,4,40,40,40,40,40,40,40,40,40,40,40,40,20,15.000000953674316,0,0,9.523809432983398,9.090909004211426,0,0,0,0,0,0,9.085784912109375,25769803776,7516192768,14659682304,5823070208
207,1771534878457,4,4,4,4,4,4,4,4,4,4,4,4,40,40,40,40,40,40,40,40,40,40,40,40,28.571430206298828,14.285715103149414,0,0,15.000000953674316,0,0,0,0,0,0,0,9.174286842346191,25769803776,7516192768,14659682304,5823070208
200,1771534878665,4,4,4,4,4,4,4,4,4,4,4,4,40,40,40,40,40,40,40,40,40,40,40,40,20,20,4.545454502105713,0,9.523809432983398,4.761904716491699,0,0,0,0,0,0,9.174286842346191,25769803776,7516192768,14659682304,5823070208
204,1771534878866,4,4,4,4,4,4,4,4,4,4,4,4,40,40,40,40,40,40,40,40,40,40,40,40,20,23.809524536132813,0,0,15.000000953674316,5,0,0,0,0,4.761904716491699,0,9.174286842346191,25769803776,7516192768,14659665920,5823070208
207,1771534879071,4,4,4,4,4,4,4,4,4,4,4,4,40,40,40,40,40,40,40,40,40,40,40,40,19.047618865966797,20,0,0,9.523809432983398,5,0,0,0,0,0,0,9.174286842346191,25769803776,7516192768,14659600384,5823070208
208,1771534879279,4,4,4,4,4,4,4,4,4,4,4,4,40,40,40,40,40,40,40,40,40,40,40,40,21.052631378173828,15.000000953674316,0,0,9.523809432983398,4.761904716491699,0,0,0,0,0,0,8.388671875,25769803776,7516192768,14659567616,5823070208
208,1771534879488,4,4,4,4,4,4,4,4,4,4,4,4,40,40,40,40,40,40,40,40,40,40,40,40,28.571430206298828,22.72727394104004,0,0,10,4.761904716491699,0,0,0,0,0,0,8.388671875,25769803776,7516192768,14659584000,5823070208
206,1771534879697,4,4,4,4,4,4,4,4,4,4,4,4,40,40,40,40,40,40,40,40,40,40,40,40,28.571430206298828,10,0,0,14.285715103149414,9.523809432983398,0,0,0,0,0,0,8.388671875,25769803776,7516192768,14659584000,5823070208
208,1771534879903,4,4,4,4,4,4,4,4,4,4,4,4,40,40,40,40,40,40,40,40,40,40,40,40,28.571430206298828,20,0,0,10,5,0,0,0,0,0,0,8.388671875,25769803776,7516192768,14650589184,5823070208
208,1771534880113,4,4,4,4,4,4,4,4,4,4,4,4,40,40,40,40,40,40,40,40,40,40,40,40,25,14.285715103149414,0,0,13.636363983154297,4.761904716491699,0,0,0,0,4.545454502105713,0,8.388671875,25769803776,7516192768,14650572800,5823070208
208,1771534880321,4,4,4,4,4,4,4,4,4,4,4,4,40,40,40,40,40,40,40,40,40,40,40,40,25,23.809524536132813,0,0,9.523809432983398,5,0,0,0,0,0,0,7.092703819274902,25769803776,7516192768,14650638336,5823070208
207,1771534880530,4,4,4,4,4,4,4,4,4,4,4,4,40,40,40,40,40,40,40,40,40,40,40,40,30.434782028198242,14.285715103149414,0,4.761904716491699,10,4.545454502105713,0,0,0,0,10,9.523809432983398,7.092703819274902,25769803776,7516192768,14651523072,5823070208
208,1771534880738,4,4,4,4,4,4,4,4,4,4,4,4,40,40,40,40,40,40,40,40,40,40,40,40,21.052631378173828,23.809524536132813,0,0,9.523809432983398,4.761904716491699,0,0,0,0,0,0,7.092703819274902,25769803776,7516192768,14651539456,5823070208
206,1771534880946,4,4,4,4,4,4,4,4,4,4,4,4,40,40,40,40,40,40,40,40,40,40,40,40,19.047618865966797,20,0,0,10,0,0,0,0,0,0,0,7.092703819274902,25769803776,7516192768,14651539456,5823070208
208,1771534881153,4,4,4,4,4,4,4,4,4,4,4,4,40,40,40,40,40,40,40,40,40,40,40,40,25,15.000000953674316,0,0,9.523809432983398,9.523809432983398,0,0,0,0,0,0,7.092703819274902,25769803776,7516192768,14651523072,5823070208
207,1771534881363,4,4,4,4,4,4,4,4,4,4,4,4,40,40,40,40,40,40,40,40,40,40,40,40,22.72727394104004,19.047618865966797,0,0,14.285715103149414,5,0,0,0,0,0,0,8.259617805480957,25769803776,7516192768,14651310080,5823070208
207,1771534881571,4,4,4,4,4,4,4,4,4,4,4,4,40,40,40,40,40,40,40,40,40,40,40,40,25,19.047618865966797,0,0,10,4.545454502105713,0,0,0,0,0,0,8.259617805480957,25769803776,7516192768,14651342848,5823070208
206,1771534881779,4,4,4,4,4,4,4,4,4,4,4,4,40,40,40,40,40,40,40,40,40,40,40,40,28.571430206298828,15.000000953674316,0,0,13.636363983154297,5,0,0,0,0,0,0,8.259617805480957,25769803776,7516192768,14651195392,5823070208
209,1771534881986,4,4,4,4,4,4,4,4,4,4,4,4,40,40,40,40,40,40,40,40,40,40,40,40,15.000000953674316,19.047618865966797,0,0,5,9.090909004211426,0,0,0,0,0,0,8.259617805480957,25769803776,7516192768,14651244544,5823070208
209,1771534882196,4,4,4,4,4,4,4,4,4,4,4,4,40,40,40,40,40,40,40,40,40,40,40,40,23.809524536132813,15.000000953674316,0,4.545454502105713,19.047618865966797,5.263157844543457,0,0,0,0,0,0,8.259617805480957,25769803776,7516192768,14651539456,5823070208
206,1771534882406,4,4,4,4,4,4,4,4,4,4,4,4,40,40,40,40,40,40,40,40,40,40,40,40,30.000001907348633,18.18181800842285,0,0,9.523809432983398,9.090909004211426,0,0,0,0,0,0,8.374342918395996,25769803776,7516192768,14651588608,5823070208
206,1771534882613,4,4,4,4,4,4,4,4,4,4,4,4,40,40,40,40,40,40,40,40,40,40,40,40,28.571430206298828,20,0,0,5,5,0,0,0,0,0,0,8.374342918395996,25769803776,7516192768,14651588608,5823070208
204,1771534882820,4,4,4,4,4,4,4,4,4,4,4,4,40,40,40,40,40,40,40,40,40,40,40,40,25,23.809524536132813,0,0,14.285715103149414,4.761904716491699,0,0,0,0,0,0,8.374342918395996,25769803776,7516192768,14651588608,5823070208
206,1771534883025,4,4,4,4,4,4,4,4,4,4,4,4,40,40,40,40,40,40,40,40,40,40,40,40,20,25,0,0,5.263157844543457,5,0,0,0,0,0,0,8.374342918395996,25769803776,7516192768,14651703296,5823070208
204,1771534883232,4,4,4,4,4,4,4,4,4,4,4,4,40,40,40,40,40,40,40,40,40,40,40,40,23.809524536132813,14.285715103149414,0,0,9.523809432983398,9.523809432983398,0,0,0,0,0,0,8.374342918395996,25769803776,7516192768,14651736064,5823070208
207,1771534883437,4,4,4,4,4,4,4,4,4,4,4,4,40,40,40,40,40,40,40,40,40,40,40,40,25,15.000000953674316,0,0,10,4.761904716491699,0,0,0,0,0,0,6.733887672424316,25769803776,7516192768,14651736064,5823070208
202,1771534883645,4,4,4,4,4,4,4,4,4,4,4,4,40,40,40,40,40,40,40,40,40,40,40,40,23.809524536132813,23.809524536132813,0,0,13.636363983154297,4.761904716491699,0,0,0,0,0,0,6.733887672424316,25769803776,7516192768,14651752448,5823070208
208,1771534883847,4,4,4,4,4,4,4,4,4,4,4,4,40,40,40,40,40,40,40,40,40,40,40,40,28.571430206298828,10.526315689086914,0,0,15.000000953674316,5,0,0,0,0,0,0,6.733887672424316,25769803776,7516192768,14651768832,5823070208
207,1771534884057,4,4,4,4,4,4,4,4,4,4,4,4,40,40,40,40,40,40,40,40,40,40,40,40,25,19.047618865966797,0,0,10,4.761904716491699,0,0,0,0,0,0,6.733887672424316,25769803776,7516192768,14651801600,5823070208
207,1771534884265,4,4,4,4,4,4,4,4,4,4,4,4,40,40,40,40,40,40,40,40,40,40,40,40,23.809524536132813,19.047618865966797,0,0,9.523809432983398,0,0,0,0,0,0,0,6.733887672424316,25769803776,7516192768,14651981824,5823070208
205,1771534884473,4,4,4,4,4,4,4,4,4,4,4,4,40,40,40,40,40,40,40,40,40,40,40,40,25,14.285715103149414,0,0,14.285715103149414,13.636363983154297,0,0,0,0,0,0,7.078528881072998,25769803776,7516192768,14651949056,5823070208
207,1771534884679,4,4,4,4,4,4,4,4,4,4,4,4,40,40,40,40,40,40,40,40,40,40,40,40,23.809524536132813,15.000000953674316,0,0,9.523809432983398,5.263157844543457,0,0,0,0,0,0,7.078528881072998,25769803776,7516192768,14649606144,5823070208
207,1771534884888,4,4,4,4,4,4,4,4,4,4,4,4,40,40,40,40,40,40,40,40,40,40,40,40,23.809524536132813,20,0,0,15.000000953674316,4.761904716491699,0,0,0,0,0,0,7.078528881072998,25769803776,7516192768,14649638912,5823070208
206,1771534885096,4,4,4,4,4,4,4,4,4,4,4,4,40,40,40,40,40,40,40,40,40,40,40,40,25,23.809524536132813,0,0,15.000000953674316,14.285715103149414,0,0,0,0,0,0,7.078528881072998,25769803776,7516192768,14650343424,5823070208
209,1771534885302,4,4,4,4,4,4,4,4,4,4,4,4,40,40,40,40,40,40,40,40,40,40,40,40,15.000000953674316,19.047618865966797,10,10,14.285715103149414,4.761904716491699,10,10,9.523809432983398,9.523809432983398,9.523809432983398,10,9.131919860839844,25769803776,7516192768,14650376192,5823070208
207,1771534885512,4,4,4,4,4,4,4,4,4,4,4,4,40,40,40,40,40,40,40,40,40,40,40,40,28.571430206298828,14.285715103149414,4.545454502105713,0,9.523809432983398,5,0,0,0,0,4.761904716491699,4.545454502105713,9.131919860839844,25769803776,7516192768,14650359808,5823070208
208,1771534885720,4,4,4,4,4,4,4,4,4,4,4,4,40,40,40,40,40,40,40,40,40,40,40,40,23.809524536132813,15.000000953674316,0,0,14.285715103149414,4.761904716491699,0,0,0,0,0,0,9.131919860839844,25769803776,7516192768,14650392576,5823070208
206,1771534885929,4,4,4,4,4,4,4,4,4,4,4,4,40,40,40,40,40,40,40,40,40,40,40,40,28.571430206298828,15.000000953674316,0,0,14.285715103149414,4.761904716491699,0,0,0,0,0,0,9.131919860839844,25769803776,7516192768,14650392576,5823070208
208,1771534886136,4,4,4,4,4,4,4,4,4,4,4,4,40,40,40,40,40,40,40,40,40,40,40,40,20,14.285715103149414,0,0,5,5,0,0,0,0,0,0,9.131919860839844,25769803776,7516192768,14650408960,5823070208
207,1771534886345,4,4,4,4,4,4,4,4,4,4,4,4,40,40,40,40,40,40,40,40,40,40,40,40,23.809524536132813,19.047618865966797,0,0,14.285715103149414,9.090909004211426,0,0,0,0,0,0,8.86044979095459,25769803776,7516192768,14650294272,5823070208
208,1771534886552,4,4,4,4,4,4,4,4,4,4,4,4,40,40,40,40,40,40,40,40,40,40,40,40,25,19.047618865966797,0,0,5,4.761904716491699,0,0,0,0,0,0,8.86044979095459,25769803776,7516192768,14650376192,5823070208
200,1771534886761,4,4,4,4,4,4,4,4,4,4,4,4,40,40,40,40,40,40,40,40,40,40,40,40,23.809524536132813,15.000000953674316,0,0,9.523809432983398,5,0,0,0,0,0,0,8.86044979095459,25769803776,7516192768,14650261504,5823070208
208,1771534886962,4,4,4,4,4,4,4,4,4,4,4,4,40,40,40,40,40,40,40,40,40,40,40,40,20,19.047618865966797,0,0,10,10,0,0,0,0,0,0,8.86044979095459,25769803776,7516192768,14650294272,5823070208
207,1771534887171,4,4,4,4,4,4,4,4,4,4,4,4,40,40,40,40,40,40,40,40,40,40,40,40,25,15.000000953674316,0,0,9.523809432983398,4.761904716491699,0,0,0,0,4.545454502105713,0,8.86044979095459,25769803776,7516192768,14650261504,5823070208
207,1771534887379,4,4,4,4,4,4,4,4,4,4,4,4,40,40,40,40,40,40,40,40,40,40,40,40,19.047618865966797,23.809524536132813,0,0,14.285715103149414,4.761904716491699,0,0,0,0,0,0,8.190825462341309,25769803776,7516192768,14650114048,5823070208
208,1771534887587,4,4,4,4,4,4,4,4,4,4,4,4,40,40,40,40,40,40,40,40,40,40,40,40,28.571430206298828,15.000000953674316,0,0,10,9.523809432983398,0,0,0,0,0,0,8.190825462341309,25769803776,7516192768,14651260928,5823070208
206,1771534887796,4,4,4,4,4,4,4,4,4,4,4,4,40,40,40,40,40,40,40,40,40,40,40,40,25,22.72727394104004,0,0,13.636363983154297,0,0,0,0,0,0,0,8.190825462341309,25769803776,7516192768,14650671104,5823070208
207,1771534888002,4,4,4,4,4,4,4,4,4,4,4,4,40,40,40,40,40,40,40,40,40,40,40,40,25,15.789472579956055,0,0,5.263157844543457,4.761904716491699,0,0,0,0,0,0,8.190825462341309,25769803776,7516192768,14650671104,5823070208
207,1771534888211,4,4,4,4,4,4,4,4,4,4,4,4,40,40,40,40,40,40,40,40,40,40,40,40,27.272727966308594,15.000000953674316,0,0,9.523809432983398,5,0,0,0,0,0,0,8.190825462341309,25769803776,7516192768,14650769408,5823070208
202,1771534888419,4,4,4,4,4,4,4,4,4,4,4,4,40,40,40,40,40,40,40,40,40,40,40,40,20,22.72727394104004,0,0,9.523809432983398,9.090909004211426,0,0,0,0,0,0,8.484163284301758,25769803776,7516192768,14650753024,5823070208
209,1771534888622,4,4,4,4,4,4,4,4,4,4,4,4,40,40,40,40,40,40,40,40,40,40,40,40,20,20,0,0,15.000000953674316,0,0,0,0,0,0,0,8.484163284301758,25769803776,7516192768,14650720256,5823070208
208,1771534888832,4,4,4,4,4,4,4,4,4,4,4,4,40,40,40,40,40,40,40,40,40,40,40,40,23.809524536132813,15.000000953674316,0,0,13.636363983154297,5,0,0,0,0,0,0,8.484163284301758,25769803776,7516192768,14650769408,5823070208
207,1771534889041,4,4,4,4,4,4,4,4,4,4,4,4,40,40,40,40,40,40,40,40,40,40,40,40,25,19.047618865966797,0,0,5,13.043478012084961,0,0,0,0,0,0,8.484163284301758,25769803776,7516192768,14650802176,5823070208
209,1771534889249,4,4,4,4,4,4,4,4,4,4,4,4,40,40,40,40,40,40,40,40,40,40,40,40,18.18181800842285,22.72727394104004,0,0,15.000000953674316,0,0,0,0,0,0,0,8.484163284301758,25769803776,7516192768,14650589184,5823070208
208,1771534889458,4,4,4,4,4,4,4,4,4,4,4,4,40,40,40,40,40,40,40,40,40,40,40,40,25,15.000000953674316,0,0,13.636363983154297,9.523809432983398,0,0,0,0,0,0,7.302701473236084,25769803776,7516192768,14650556416,5823070208
202,1771534889667,4,4,4,4,4,4,4,4,4,4,4,4,40,40,40,40,40,40,40,40,40,40,40,40,23.809524536132813,20,0,0,10,0,0,0,0,0,0,0,7.302701473236084,25769803776,7516192768,14650556416,5823070208
207,1771534889871,4,4,4,4,4,4,4,4,4,4,4,4,40,40,40,40,40,40,40,40,40,40,40,40,15.789472579956055,19.047618865966797,0,0,5,5,0,0,0,0,0,0,7.302701473236084,25769803776,7516192768,14650556416,5823070208
203,1771534890079,4,4,4,4,4,4,4,4,4,4,4,4,40,40,40,40,40,40,40,40,40,40,40,40,23.809524536132813,20,0,0,9.523809432983398,9.090909004211426,0,0,0,0,0,0,7.302701473236084,25769803776,7516192768,14650556416,5823070208
209,1771534890283,4,4,4,4,4,4,4,4,4,4,4,4,40,40,40,40,40,40,40,40,40,40,40,40,23.809524536132813,19.047618865966797,0,0,10,5,0,0,0,0,0,0,8.879926681518555,25769803776,7516192768,14650720256,5823070208
199,1771534890492,4,4,4,4,4,4,4,4,4,4,4,4,40,40,40,40,40,40,40,40,40,40,40,40,25,15.000000953674316,0,0,13.636363983154297,9.090909004211426,0,0,0,0,4.761904716491699,0,8.879926681518555,25769803776,7516192768,14650720256,5823070208
203,1771534890693,4,4,4,4,4,4,4,4,4,4,4,4,40,40,40,40,40,40,40,40,40,40,40,40,20,20,4.761904716491699,0,10,0,0,0,0,0,0,0,8.879926681518555,25769803776,7516192768,14650753024,5823070208
206,1771534890897,4,4,4,4,4,4,4,4,4,4,4,4,40,40,40,40,40,40,40,40,40,40,40,40,25,19.047618865966797,0,0,10,5,0,0,0,0,0,0,8.879926681518555,25769803776,7516192768,14650753024,5823070208
209,1771534891104,4,4,4,4,4,4,4,4,4,4,4,4,40,40,40,40,40,40,40,40,40,40,40,40,28.571430206298828,10.526315689086914,0,0,10,9.523809432983398,0,0,0,0,0,0,8.879926681518555,25769803776,7516192768,14650753024,5823070208
204,1771534891314,4,4,4,4,4,4,4,4,4,4,4,4,40,40,40,40,40,40,40,40,40,40,40,40,23.809524536132813,22.72727394104004,0,0,19.047618865966797,14.285715103149414,0,0,0,0,0,0,11.178449630737305,25769803776,7516192768,14651244544,5823070208
208,1771534891520,4,4,4,4,4,4,4,4,4,4,4,4,40,40,40,40,40,40,40,40,40,40,40,40,30.000001907348633,20,4.761904716491699,4.761904716491699,15.000000953674316,10,0,0,0,0,5,9.090909004211426,11.178449630737305,25769803776,7516192768,14654423040,5823070208
208,1771534891729,4,4,4,4,4,4,4,4,4,4,4,4,40,40,40,40,40,40,40,40,40,40,40,40,23.809524536132813,15.000000953674316,0,0,18.18181800842285,4.761904716491699,0,0,0,0,0,0,11.178449630737305,25769803776,7516192768,14654177280,5823070208
208,1771534891937,4,4,4,4,4,4,4,4,4,4,4,4,40,40,40,40,40,40,40,40,40,40,40,40,20,19.047618865966797,0,0,10,5,0,0,0,0,0,0,11.178449630737305,25769803776,7516192768,14654226432,5823070208
207,1771534892146,4,4,4,4,4,4,4,4,4,4,4,4,40,40,40,40,40,40,40,40,40,40,40,40,28.571430206298828,14.285715103149414,0,0,5,9.090909004211426,0,0,0,0,0,0,11.178449630737305,25769803776,7516192768,14654259200,5823070208
207,1771534892354,4,4,4,4,4,4,4,4,4,4,4,4,40,40,40,40,40,40,40,40,40,40,40,40,28.571430206298828,15.000000953674316,0,0,14.285715103149414,4.761904716491699,0,0,0,0,0,0,8.822846412658691,25769803776,7516192768,14654275584,5823070208
204,1771534892563,4,4,4,4,4,4,4,4,4,4,4,4,40,40,40,40,40,40,40,40,40,40,40,40,23.809524536132813,22.72727394104004,0,0,14.285715103149414,4.761904716491699,0,0,0,0,0,0,8.822846412658691,25769803776,7516192768,14654472192,5823070208
209,1771534892767,4,4,4,4,4,4,4,4,4,4,4,4,40,40,40,40,40,40,40,40,40,40,40,40,25,15.789472579956055,0,0,10,5,0,0,0,0,0,0,8.822846412658691,25769803776,7516192768,14653849600,5823070208
201,1771534892977,4,4,4,4,4,4,4,4,4,4,4,4,40,40,40,40,40,40,40,40,40,40,40,40,25,19.047618865966797,0,0,19.047618865966797,9.523809432983398,0,0,0,0,0,0,8.822846412658691,25769803776,7516192768,14653915136,5823070208
207,1771534893180,4,4,4,4,4,4,4,4,4,4,4,4,40,40,40,40,40,40,40,40,40,40,40,40,30.000001907348633,19.047618865966797,0,0,10,0,0,0,0,0,0,0,8.822846412658691,25769803776,7516192768,14654160896,5823070208
208,1771534893388,4,4,4,4,4,4,4,4,4,4,4,4,40,40,40,40,40,40,40,40,40,40,40,40,23.809524536132813,15.000000953674316,0,0,14.285715103149414,9.523809432983398,0,0,0,0,0,0,8.342259407043457,25769803776,7516192768,14654160896,5823070208
207,1771534893596,4,4,4,4,4,4,4,4,4,4,4,4,40,40,40,40,40,40,40,40,40,40,40,40,25,19.047618865966797,0,0,9.523809432983398,4.761904716491699,0,0,0,0,0,0,8.342259407043457,25769803776,7516192768,14654177280,5823070208
206,1771534893804,4,4,4,4,4,4,4,4,4,4,4,4,40,40,40,40,40,40,40,40,40,40,40,40,28.571430206298828,15.000000953674316,0,0,10,9.523809432983398,0,0,0,0,0,0,8.342259407043457,25769803776,7516192768,14654210048,5823070208
207,1771534894012,4,4,4,4,4,4,4,4,4,4,4,4,40,40,40,40,40,40,40,40,40,40,40,40,23.809524536132813,19.047618865966797,0,0,14.285715103149414,0,0,0,0,0,0,0,8.342259407043457,25769803776,7516192768,14654210048,5823070208
207,1771534894219,4,4,4,4,4,4,4,4,4,4,4,4,40,40,40,40,40,40,40,40,40,40,40,40,19.047618865966797,20,0,0,9.523809432983398,9.523809432983398,0,0,0,0,0,0,8.342259407043457,25769803776,7516192768,14654160896,5823070208
208,1771534894427,4,4,4,4,4,4,4,4,4,4,4,4,40,40,40,40,40,40,40,40,40,40,40,40,31.57894515991211,22.72727394104004,0,0,20,4.761904716491699,0,0,0,0,0,0,7.729215145111084,25769803776,7516192768,14654193664,5823070208
207,1771534894636,4,4,4,4,4,4,4,4,4,4,4,4,40,40,40,40,40,40,40,40,40,40,40,40,22.72727394104004,20,0,0,9.523809432983398,9.090909004211426,0,0,0,0,0,0,7.729215145111084,25769803776,7516192768,14654177280,5823070208
208,1771534894844,4,4,4,4,4,4,4,4,4,4,4,4,40,40,40,40,40,40,40,40,40,40,40,40,30.000001907348633,19.047618865966797,0,0,9.523809432983398,0,0,0,0,0,0,0,7.729215145111084,25769803776,7516192768,14654226432,5823070208
207,1771534895053,4,4,4,4,4,4,4,4,4,4,4,4,40,40,40,40,40,40,40,40,40,40,40,40,20,19.047618865966797,0,0,10,10,0,0,0,0,0,0,7.729215145111084,25769803776,7516192768,14651015168,5823070208
209,1771534895261,4,4,4,4,4,4,4,4,4,4,4,4,40,40,40,40,40,40,40,40,40,40,40,40,23.809524536132813,15.000000953674316,0,0,13.636363983154297,4.761904716491699,0,0,0,0,0,0,7.729215145111084,25769803776,7516192768,14651064320,5823070208
206,1771534895470,4,4,4,4,4,4,4,4,4,4,4,4,40,40,40,40,40,40,40,40,40,40,40,40,28.571430206298828,19.047618865966797,0,0,10,9.523809432983398,0,0,0,0,0,0,6.8221259117126465,25769803776,7516192768,14651047936,5823070208
201,1771534895677,4,4,4,4,4,4,4,4,4,4,4,4,40,40,40,40,40,40,40,40,40,40,40,40,20,10,0,0,14.285715103149414,4.761904716491699,0,0,0,0,4.761904716491699,4.761904716491699,6.8221259117126465,25769803776,7516192768,14650867712,5823070208
205,1771534895879,4,4,4,4,4,4,4,4,4,4,4,4,40,40,40,40,40,40,40,40,40,40,40,40,23.809524536132813,20,0,0,10,0,0,0,0,0,0,0,6.8221259117126465,25769803776,7516192768,14650867712,5823070208
208,1771534896085,4,4,4,4,4,4,4,4,4,4,4,4,40,40,40,40,40,40,40,40,40,40,40,40,25,14.285715103149414,0,0,10.526315689086914,9.523809432983398,0,0,0,0,0,0,6.8221259117126465,25769803776,7516192768,14651080704,5823070208
207,1771534896294,4,4,4,4,4,4,4,4,4,4,4,4,40,40,40,40,40,40,40,40,40,40,40,40,25,20,0,0,17.39130401611328,9.090909004211426,0,0,0,0,0,0,10.102304458618164,25769803776,7516192768,14650966016,5823070208
209,1771534896502,4,4,4,4,4,4,4,4,4,4,4,4,40,40,40,40,40,40,40,40,40,40,40,40,23.809524536132813,19.047618865966797,0,0,5.263157844543457,5,0,0,0,0,0,0,10.102304458618164,25769803776,7516192768,14650966016,5823070208
207,1771534896712,4,4,4,4,4,4,4,4,4,4,4,4,40,40,40,40,40,40,40,40,40,40,40,40,23.809524536132813,15.000000953674316,0,0,14.285715103149414,9.523809432983398,0,0,0,0,0,0,10.102304458618164,25769803776,7516192768,14650966016,5823070208
206,1771534896920,4,4,4,4,4,4,4,4,4,4,4,4,40,40,40,40,40,40,40,40,40,40,40,40,20,22.72727394104004,0,0,9.523809432983398,0,0,0,0,0,0,0,10.102304458618164,25769803776,7516192768,14650966016,5823070208
201,1771534897127,4,4,4,4,4,4,4,4,4,4,4,4,40,40,40,40,40,40,40,40,40,40,40,40,28.571430206298828,15.000000953674316,0,0,14.285715103149414,9.090909004211426,0,0,0,0,0,0,10.102304458618164,25769803776,7516192768,14650966016,5823070208
207,1771534897329,4,4,4,4,4,4,4,4,4,4,4,4,40,40,40,40,40,40,40,40,40,40,40,40,25,20,0,0,10,5,0,0,0,0,0,0,10.934602737426758,25769803776,7516192768,14650966016,5823070208
206,1771534897537,4,4,4,4,4,4,4,4,4,4,4,4,40,40,40,40,40,40,40,40,40,40,40,40,28.571430206298828,15.000000953674316,0,0,9.523809432983398,0,0,0,0,0,0,0,10.934602737426758,25769803776,7516192768,14650851328,5823070208
208,1771534897744,4,4,4,4,4,4,4,4,4,4,4,4,40,40,40,40,40,40,40,40,40,40,40,40,20,10,0,0,9.523809432983398,10,0,0,0,0,0,0,10.934602737426758,25769803776,7516192768,14650949632,5823070208
207,1771534897953,4,4,4,4,4,4,4,4,4,4,4,4,40,40,40,40,40,40,40,40,40,40,40,40,28.571430206298828,22.72727394104004,0,0,9.523809432983398,13.636363983154297,0,0,0,0,0,0,10.934602737426758,25769803776,7516192768,14650933248,5823070208
207,1771534898161,4,4,4,4,4,4,4,4,4,4,4,4,40,40,40,40,40,40,40,40,40,40,40,40,30.000001907348633,20,0,0,15.000000953674316,9.523809432983398,0,0,0,0,0,0,10.934602737426758,25769803776,7516192768,14650933248,5823070208
208,1771534898369,4,4,4,4,4,4,4,4,4,4,4,4,40,40,40,40,40,40,40,40,40,40,40,40,28.571430206298828,19.047618865966797,0,0,15.000000953674316,5,0,0,0,0,0,0,9.324501991271973,25769803776,7516192768,14650933248,5823070208
208,1771534898578,4,4,4,4,4,4,4,4,4,4,4,4,40,40,40,40,40,40,40,40,40,40,40,40,28.571430206298828,14.285715103149414,0,0,13.636363983154297,4.761904716491699,0,0,0,0,0,0,9.324501991271973,25769803776,7516192768,14651506688,5823070208
208,1771534898787,4,4,4,4,4,4,4,4,4,4,4,4,40,40,40,40,40,40,40,40,40,40,40,40,33.333335876464844,25,0,0,25,14.285715103149414,0,0,0,0,4.761904716491699,0,9.324501991271973,25769803776,7516192768,14651621376,5823070208
208,1771534898996,4,4,4,4,4,4,4,4,4,4,4,4,40,40,40,40,40,40,40,40,40,40,40,40,20,19.047618865966797,0,0,9.523809432983398,0,0,0,0,0,0,0,9.324501991271973,25769803776,7516192768,14651752448,5823070208
209,1771534899205,4,4,4,4,4,4,4,4,4,4,4,4,40,40,40,40,40,40,40,40,40,40,40,40,35,38.095237731933594,0,0,52.38095474243164,28.571430206298828,0,0,0,0,0,0,9.324501991271973,25769803776,7516192768,14651768832,5823070208
207,1771534899415,4,4,4,4,4,4,4,4,4,4,4,4,40,40,40,40,40,40,40,40,40,40,40,40,36.3636360168457,25,0,0,28.571430206298828,14.285715103149414,0,0,0,0,0,0,7.238285064697266,25769803776,7516192768,14651998208,5823070208
203,1771534899624,4,4,4,4,4,4,4,4,4,4,4,4,40,40,40,40,40,40,40,40,40,40,40,40,28.571430206298828,19.047618865966797,0,0,5,9.523809432983398,0,0,0,0,0,0,7.238285064697266,25769803776,7516192768,14651998208,5823070208
200,1771534899828,4,4,4,4,4,4,4,4,4,4,4,4,40,40,40,40,40,40,40,40,40,40,40,40,25,15.000000953674316,0,0,14.285715103149414,5,0,0,0,0,0,0,7.238285064697266,25769803776,7516192768,14652506112,5823070208
208,1771534900029,4,4,4,4,4,4,4,4,4,4,4,4,40,40,40,40,40,40,40,40,40,40,40,40,26.3157901763916,25,10,10.526315689086914,10.526315689086914,10,10,10,10,10,10.526315689086914,10.526315689086914,7.238285064697266,25769803776,7516192768,14652522496,5823070208
206,1771534900238,4,4,4,4,4,4,4,4,4,4,4,4,40,40,40,40,40,40,40,40,40,40,40,40,23.809524536132813,19.047618865966797,0,4.545454502105713,9.523809432983398,4.761904716491699,0,0,0,0,4.545454502105713,0,7.238285064697266,25769803776,7516192768,14652571648,5823070208
200,1771534900444,4,4,4,4,4,4,4,4,4,4,4,4,40,40,40,40,40,40,40,40,40,40,40,40,35,23.809524536132813,0,0,15.000000953674316,19.047618865966797,0,0,0,0,0,0,7.643823146820068,25769803776,7516192768,14652571648,5823070208
205,1771534900647,4,4,4,4,4,4,4,4,4,4,4,4,40,40,40,40,40,40,40,40,40,40,40,40,28.571430206298828,20,0,0,9.523809432983398,5,0,0,0,0,5,4.761904716491699,7.643823146820068,25769803776,7516192768,14652538880,5823070208
204,1771534900853,4,4,4,4,4,4,4,4,4,4,4,4,40,40,40,40,40,40,40,40,40,40,40,40,25,15.000000953674316,0,0,10,9.523809432983398,0,0,0,0,0,4.545454502105713,7.643823146820068,25769803776,7516192768,14652522496,5823070208
207,1771534901058,4,4,4,4,4,4,4,4,4,4,4,4,40,40,40,40,40,40,40,40,40,40,40,40,19.047618865966797,23.809524536132813,0,0,14.285715103149414,5,0,0,0,0,0,0,7.643823146820068,25769803776,7516192768,14652555264,5823070208
206,1771534901266,4,4,4,4,4,4,4,4,4,4,4,4,40,40,40,40,40,40,40,40,40,40,40,40,25,10.526315689086914,0,0,10,4.761904716491699,0,0,0,0,0,0,7.643823146820068,25769803776,7516192768,14652555264,5823070208
208,1771534901473,4,4,4,4,4,4,4,4,4,4,4,4,40,40,40,40,40,40,40,40,40,40,40,40,20,18.18181800842285,0,0,14.285715103149414,9.523809432983398,0,0,0,0,0,0,9.534004211425781,25769803776,7516192768,14652555264,5823070208
207,1771534901682,4,4,4,4,4,4,4,4,4,4,4,4,40,40,40,40,40,40,40,40,40,40,40,40,28.571430206298828,15.000000953674316,0,0,9.523809432983398,0,0,0,0,0,0,0,9.534004211425781,25769803776,7516192768,14652375040,5823070208
207,1771534901890,4,4,4,4,4,4,4,4,4,4,4,4,40,40,40,40,40,40,40,40,40,40,40,40,30.000001907348633,10,0,0,10,4.761904716491699,0,0,0,0,0,0,9.534004211425781,25769803776,7516192768,14652342272,5823070208
205,1771534902098,4,4,4,4,4,4,4,4,4,4,4,4,40,40,40,40,40,40,40,40,40,40,40,40,27.272727966308594,18.18181800842285,0,0,4.761904716491699,14.285715103149414,0,0,0,0,0,0,9.534004211425781,25769803776,7516192768,14652407808,5823070208
203,1771534902304,4,4,4,4,4,4,4,4,4,4,4,4,40,40,40,40,40,40,40,40,40,40,40,40,21.052631378173828,15.789472579956055,0,0,10,5,0,0,0,0,10.526315689086914,0,8.725253105163574,25769803776,7516192768,14652506112,5823070208
209,1771534902508,4,4,4,4,4,4,4,4,4,4,4,4,40,40,40,40,40,40,40,40,40,40,40,40,25,19.047618865966797,0,0,14.285715103149414,4.761904716491699,0,0,0,0,0,0,8.725253105163574,25769803776,7516192768,14652489728,5823070208
201,1771534902718,4,4,4,4,4,4,4,4,4,4,4,4,40,40,40,40,40,40,40,40,40,40,40,40,31.81818199157715,20,0,0,9.523809432983398,5,0,0,0,0,0,0,8.725253105163574,25769803776,7516192768,14652424192,5823070208
201,1771534902920,4,4,4,4,4,4,4,4,4,4,4,4,40,40,40,40,40,40,40,40,40,40,40,40,25,19.047618865966797,0,0,10,5,0,0,0,0,0,0,8.725253105163574,25769803776,7516192768,14652424192,5823070208
208,1771534903122,4,4,4,4,4,4,4,4,4,4,4,4,40,40,40,40,40,40,40,40,40,40,40,40,21.052631378173828,20,0,0,15.000000953674316,5,0,0,0,0,0,0,8.725253105163574,25769803776,7516192768,14652407808,5823070208
205,1771534903332,4,4,4,4,4,4,4,4,4,4,4,4,40,40,40,40,40,40,40,40,40,40,40,40,23.809524536132813,15.000000953674316,0,0,5,9.090909004211426,0,0,0,0,0,0,7.9756245613098145,25769803776,7516192768,14651817984,5823070208
206,1771534903537,4,4,4,4,4,4,4,4,4,4,4,4,40,40,40,40,40,40,40,40,40,40,40,40,27.272727966308594,19.047618865966797,0,0,14.285715103149414,5,0,0,0,0,0,0,7.9756245613098145,25769803776,7516192768,14651883520,5823070208
208,1771534903745,4,4,4,4,4,4,4,4,4,4,4,4,40,40,40,40,40,40,40,40,40,40,40,40,21.052631378173828,19.047618865966797,0,0,9.523809432983398,4.761904716491699,0,0,0,0,0,0,7.9756245613098145,25769803776,7516192768,14652080128,5823070208
209,1771534903953,4,4,4,4,4,4,4,4,4,4,4,4,40,40,40,40,40,40,40,40,40,40,40,40,23.809524536132813,20,0,0,14.285715103149414,4.761904716491699,0,0,0,0,0,0,7.9756245613098145,25769803776,7516192768,14652063744,5823070208
205,1771534904163,4,4,4,4,4,4,4,4,4,4,4,4,40,40,40,40,40,40,40,40,40,40,40,40,23.809524536132813,14.285715103149414,0,0,10,4.761904716491699,0,0,0,0,0,0,7.9756245613098145,25769803776,7516192768,14652047360,5823070208
205,1771534904369,4,4,4,4,4,4,4,4,4,4,4,4,40,40,40,40,40,40,40,40,40,40,40,40,30.000001907348633,19.047618865966797,0,0,14.285715103149414,5,0,0,0,0,0,0,7.767977237701416,25769803776,7516192768,14651965440,5823070208
207,1771534904575,4,4,4,4,4,4,4,4,4,4,4,4,40,40,40,40,40,40,40,40,40,40,40,40,20,15.000000953674316,0,0,9.523809432983398,5,0,0,0,0,0,0,7.767977237701416,25769803776,7516192768,14652080128,5823070208
206,1771534904783,4,4,4,4,4,4,4,4,4,4,4,4,40,40,40,40,40,40,40,40,40,40,40,40,27.272727966308594,14.285715103149414,0,0,10,5,0,0,0,0,0,0,7.767977237701416,25769803776,7516192768,14651998208,5823070208
205,1771534904990,4,4,4,4,4,4,4,4,4,4,4,4,40,40,40,40,40,40,40,40,40,40,40,40,21.052631378173828,15.789472579956055,0,0,10,9.090909004211426,0,0,0,0,0,0,7.767977237701416,25769803776,7516192768,14651981824,5823070208
208,1771534905195,4,4,4,4,4,4,4,4,4,4,4,4,40,40,40,40,40,40,40,40,40,40,40,40,23.809524536132813,22.72727394104004,0,0,15.000000953674316,9.523809432983398,0,0,0,0,4.761904716491699,0,7.767977237701416,25769803776,7516192768,14652325888,5823070208
207,1771534905405,4,4,4,4,4,4,4,4,4,4,4,4,40,40,40,40,40,40,40,40,40,40,40,40,23.809524536132813,15.000000953674316,0,0,18.18181800842285,5,0,0,0,0,0,0,7.9936933517456055,25769803776,7516192768,14652325888,5823070208
207,1771534905612,4,4,4,4,4,4,4,4,4,4,4,4,40,40,40,40,40,40,40,40,40,40,40,40,23.809524536132813,19.047618865966797,4.761904716491699,0,14.285715103149414,4.761904716491699,0,0,0,0,0,0,7.9936933517456055,25769803776,7516192768,14652293120,5823070208
207,1771534905821,4,4,4,4,4,4,4,4,4,4,4,4,40,40,40,40,40,40,40,40,40,40,40,40,23.809524536132813,15.000000953674316,0,0,10,9.523809432983398,0,0,0,0,4.545454502105713,0,7.9936933517456055,25769803776,7516192768,14652260352,5823070208
199,1771534906029,4,4,4,4,4,4,4,4,4,4,4,4,40,40,40,40,40,40,40,40,40,40,40,40,20,19.047618865966797,0,0,9.523809432983398,4.761904716491699,0,0,0,0,0,0,7.9936933517456055,25769803776,7516192768,14652276736,5823070208
205,1771534906229,4,4,4,4,4,4,4,4,4,4,4,4,40,40,40,40,40,40,40,40,40,40,40,40,35,20,0,0,10.526315689086914,5.263157844543457,0,0,0,0,0,0,7.9936933517456055,25769803776,7516192768,14652571648,5823070208
209,1771534906436,4,4,4,4,4,4,4,4,4,4,4,4,40,40,40,40,40,40,40,40,40,40,40,40,25,14.285715103149414,0,0,15.000000953674316,9.523809432983398,0,0,0,0,0,0,7.7206950187683105,25769803776,7516192768,14652604416,5823070208
207,1771534906646,4,4,4,4,4,4,4,4,4,4,4,4,40,40,40,40,40,40,40,40,40,40,40,40,30.000001907348633,20,0,0,18.18181800842285,9.523809432983398,0,0,0,0,0,0,7.7206950187683105,25769803776,7516192768,14654570496,5823070208
203,1771534906854,4,4,4,4,4,4,4,4,4,4,4,4,40,40,40,40,40,40,40,40,40,40,40,40,23.809524536132813,19.047618865966797,0,0,14.285715103149414,4.761904716491699,0,0,0,0,0,0,7.7206950187683105,25769803776,7516192768,14654619648,5823070208
206,1771534907058,4,4,4,4,4,4,4,4,4,4,4,4,40,40,40,40,40,40,40,40,40,40,40,40,20,20,0,0,10,5,0,0,0,0,0,0,7.7206950187683105,25769803776,7516192768,14654619648,5823070208
207,1771534907265,4,4,4,4,4,4,4,4,4,4,4,4,40,40,40,40,40,40,40,40,40,40,40,40,28.571430206298828,10,0,0,9.523809432983398,4.761904716491699,0,0,0,0,0,0,7.7206950187683105,25769803776,7516192768,14654652416,5823070208
205,1771534907473,4,4,4,4,4,4,4,4,4,4,4,4,40,40,40,40,40,40,40,40,40,40,40,40,28.571430206298828,19.047618865966797,0,0,10,5,0,0,0,0,0,0,9.367417335510254,25769803776,7516192768,14654668800,5823070208
207,1771534907679,4,4,4,4,4,4,4,4,4,4,4,4,40,40,40,40,40,40,40,40,40,40,40,40,25,10,0,0,10,5,0,0,0,0,0,0,9.367417335510254,25769803776,7516192768,14654750720,5823070208
205,1771534907887,4,4,4,4,4,4,4,4,4,4,4,4,40,40,40,40,40,40,40,40,40,40,40,40,20,22.72727394104004,4.761904716491699,4.761904716491699,9.523809432983398,9.523809432983398,0,0,0,0,4.761904716491699,4.761904716491699,9.367417335510254,25769803776,7516192768,14655143936,5823070208
208,1771534908093,4,4,4,4,4,4,4,4,4,4,4,4,40,40,40,40,40,40,40,40,40,40,40,40,28.571430206298828,15.000000953674316,0,0,14.285715103149414,4.761904716491699,0,0,0,0,0,0,9.367417335510254,25769803776,7516192768,14655160320,5823070208
205,1771534908302,4,4,4,4,4,4,4,4,4,4,4,4,40,40,40,40,40,40,40,40,40,40,40,40,23.809524536132813,20,0,0,9.523809432983398,9.090909004211426,0,0,0,0,0,0,7.710022926330566,25769803776,7516192768,14655389696,5823070208
207,1771534908509,4,4,4,4,4,4,4,4,4,4,4,4,40,40,40,40,40,40,40,40,40,40,40,40,25,19.047618865966797,0,0,10,5.263157844543457,0,0,0,0,0,0,7.710022926330566,25769803776,7516192768,14655537152,5823070208
206,1771534908717,4,4,4,4,4,4,4,4,4,4,4,4,40,40,40,40,40,40,40,40,40,40,40,40,23.809524536132813,14.285715103149414,0,0,14.285715103149414,9.090909004211426,0,0,0,0,0,0,7.710022926330566,25769803776,7516192768,14655537152,5823070208
209,1771534908923,4,4,4,4,4,4,4,4,4,4,4,4,40,40,40,40,40,40,40,40,40,40,40,40,35,20,4.761904716491699,0,20,14.285715103149414,0,0,0,0,19.047618865966797,23.809524536132813,7.710022926330566,25769803776,7516192768,14678081536,5823070208
209,1771534909133,4,4,4,4,4,4,4,4,4,4,4,4,40,40,40,40,40,40,40,40,40,40,40,40,38.095237731933594,14.285715103149414,0,0,9.523809432983398,0,0,0,0,0,26.3157901763916,15.000000953674316,7.710022926330566,25769803776,7516192768,14679130112,5823070208
209,1771534909343,4,4,4,4,4,4,4,4,4,4,4,4,40,40,40,40,40,40,40,40,40,40,40,40,25,14.285715103149414,4.761904716491699,0,9.523809432983398,4.761904716491699,0,0,0,0,4.761904716491699,5,9.183260917663574,25769803776,7516192768,14680702976,5823070208
209,1771534909553,4,4,4,4,4,4,4,4,4,4,4,4,40,40,40,40,40,40,40,40,40,40,40,40,45,25,0,0,15.000000953674316,9.090909004211426,0,0,0,0,26.3157901763916,4.761904716491699,9.183260917663574,25769803776,7516192768,14685536256,5823070208
207,1771534909762,4,4,4,4,4,4,4,4,4,4,4,4,40,40,40,40,40,40,40,40,40,40,40,40,35,14.285715103149414,0,9.523809432983398,9.090909004211426,0,0,0,0,0,9.090909004211426,35,9.183260917663574,25769803776,7516192768,14686601216,5823070208
199,1771534909970,4,4,4,4,4,4,4,4,4,4,4,4,40,40,40,40,40,40,40,40,40,40,40,40,42.85714340209961,30.000001907348633,4.545454502105713,0,25,22.72727394104004,0,0,0,0,4.761904716491699,9.523809432983398,9.183260917663574,25769803776,7516192768,14697791488,5823070208
208,1771534910171,4,4,4,4,4,4,4,4,4,4,4,4,40,40,40,40,40,40,40,40,40,40,40,40,28.571430206298828,19.047618865966797,0,0,10,0,0,0,0,0,0,0,9.183260917663574,25769803776,7516192768,14697807872,5823070208
206,1771534910380,4,4,4,4,4,4,4,4,4,4,4,4,40,40,40,40,40,40,40,40,40,40,40,40,21.052631378173828,15.000000953674316,0,0,14.285715103149414,9.090909004211426,0,0,0,0,0,0,10.214905738830566,25769803776,7516192768,14697824256,5823070208
208,1771534910587,4,4,4,4,4,4,4,4,4,4,4,4,40,40,40,40,40,40,40,40,40,40,40,40,23.809524536132813,15.000000953674316,0,0,15.000000953674316,9.523809432983398,0,0,0,0,4.761904716491699,0,10.214905738830566,25769803776,7516192768,14697857024,5823070208
208,1771534910796,4,4,4,4,4,4,4,4,4,4,4,4,40,40,40,40,40,40,40,40,40,40,40,40,23.809524536132813,19.047618865966797,0,0,9.523809432983398,5,0,0,0,0,0,0,10.214905738830566,25769803776,7516192768,14697857024,5823070208
207,1771534911005,4,4,4,4,4,4,4,4,4,4,4,4,40,40,40,40,40,40,40,40,40,40,40,40,20,19.047618865966797,0,0,14.285715103149414,0,0,0,0,0,0,0,10.214905738830566,25769803776,7516192768,14697889792,5823070208
207,1771534911212,4,4,4,4,4,4,4,4,4,4,4,4,40,40,40,40,40,40,40,40,40,40,40,40,28.571430206298828,15.000000953674316,0,0,13.636363983154297,9.523809432983398,0,0,0,0,0,0,10.214905738830566,25769803776,7516192768,14697889792,5823070208
9,1771534911421,4,4,4,4,4,4,4,4,4,4,4,4,40,40,40,40,40,40,40,40,40,40,40,40,30.000001907348633,22.72727394104004,0,0,15.000000953674316,4.761904716491699,0,0,0,0,0,0,11.224910736083984,25769803776,7516192768,14698381312,5823070208
